image,label
MS-ADD-03479-000-00001,"front cover, outer"
MS-ADD-03479-000-00002,"front cover, inner"
MS-ADD-03479-000-00003,[a] recto
MS-ADD-03479-000-00004,[a] verso
MS-ADD-03479-000-00005,[b] recto
MS-ADD-03479-000-00006,[b] verso
MS-ADD-03479-000-00007,[c] recto
MS-ADD-03479-000-00008,[c] verso
MS-ADD-03479-000-00009,i recto
MS-ADD-03479-000-00010,i verso
MS-ADD-03479-000-00011,2r
MS-ADD-03479-000-00012,2v
MS-ADD-03479-000-00013,3r
MS-ADD-03479-000-00014,3v
MS-ADD-03479-000-00015,4r
MS-ADD-03479-000-00016,4v
MS-ADD-03479-000-00017,5r
MS-ADD-03479-000-00018,5v
MS-ADD-03479-000-00019,6r
MS-ADD-03479-000-00020,6v
MS-ADD-03479-000-00021,7r
MS-ADD-03479-000-00022,7v
MS-ADD-03479-000-00023,8r
MS-ADD-03479-000-00024,8v
MS-ADD-03479-000-00025,9r
MS-ADD-03479-000-00026,9v
MS-ADD-03479-000-00027,10r
MS-ADD-03479-000-00028,10v
MS-ADD-03479-000-00029,11r
MS-ADD-03479-000-00030,11v
MS-ADD-03479-000-00031,12r
MS-ADD-03479-000-00032,12v
MS-ADD-03479-000-00033,13r
MS-ADD-03479-000-00034,13v
MS-ADD-03479-000-00035,14r
MS-ADD-03479-000-00036,14v
MS-ADD-03479-000-00037,15r
MS-ADD-03479-000-00038,15v
MS-ADD-03479-000-00039,16r
MS-ADD-03479-000-00040,16v
MS-ADD-03479-000-00041,17r
MS-ADD-03479-000-00042,17v
MS-ADD-03479-000-00043,18r
MS-ADD-03479-000-00044,18v
MS-ADD-03479-000-00045,19r
MS-ADD-03479-000-00046,19v
MS-ADD-03479-000-00047,20r
MS-ADD-03479-000-00048,20v
MS-ADD-03479-000-00049,21r
MS-ADD-03479-000-00050,21v
MS-ADD-03479-000-00051,22r
MS-ADD-03479-000-00052,22v
MS-ADD-03479-000-00053,23r
MS-ADD-03479-000-00054,23v
MS-ADD-03479-000-00055,24r
MS-ADD-03479-000-00056,24v
MS-ADD-03479-000-00057,25r
MS-ADD-03479-000-00058,25v
MS-ADD-03479-000-00059,26r
MS-ADD-03479-000-00060,26v
MS-ADD-03479-000-00061,27r
MS-ADD-03479-000-00062,27v
MS-ADD-03479-000-00063,28r
MS-ADD-03479-000-00064,28v
MS-ADD-03479-000-00065,29r
MS-ADD-03479-000-00066,29v
MS-ADD-03479-000-00067,30r
MS-ADD-03479-000-00068,30v
MS-ADD-03479-000-00069,31r
MS-ADD-03479-000-00070,31v
MS-ADD-03479-000-00071,32r
MS-ADD-03479-000-00072,32v
MS-ADD-03479-000-00073,33r
MS-ADD-03479-000-00074,33v
MS-ADD-03479-000-00075,34r
MS-ADD-03479-000-00076,34v
MS-ADD-03479-000-00077,35r
MS-ADD-03479-000-00078,35v
MS-ADD-03479-000-00079,36r
MS-ADD-03479-000-00080,36v
MS-ADD-03479-000-00081,37r
MS-ADD-03479-000-00082,37v
MS-ADD-03479-000-00083,38r
MS-ADD-03479-000-00084,38v
MS-ADD-03479-000-00085,39r
MS-ADD-03479-000-00086,39v
MS-ADD-03479-000-00087,40r
MS-ADD-03479-000-00088,40v
MS-ADD-03479-000-00089,41r
MS-ADD-03479-000-00090,41v
MS-ADD-03479-000-00091,42r
MS-ADD-03479-000-00092,42v
MS-ADD-03479-000-00093,43r
MS-ADD-03479-000-00094,43v
MS-ADD-03479-000-00095,44r
MS-ADD-03479-000-00096,44v
MS-ADD-03479-000-00097,45r
MS-ADD-03479-000-00098,45v
MS-ADD-03479-000-00099,46r
MS-ADD-03479-000-00100,46v
MS-ADD-03479-000-00101,47r
MS-ADD-03479-000-00102,47v
MS-ADD-03479-000-00103,48r
MS-ADD-03479-000-00104,48v
MS-ADD-03479-000-00105,49r
MS-ADD-03479-000-00106,49v
MS-ADD-03479-000-00107,50r
MS-ADD-03479-000-00108,50v
MS-ADD-03479-000-00109,51r
MS-ADD-03479-000-00110,51v
MS-ADD-03479-000-00111,52r
MS-ADD-03479-000-00112,52v
MS-ADD-03479-000-00113,53r
MS-ADD-03479-000-00114,53v
MS-ADD-03479-000-00115,54r
MS-ADD-03479-000-00116,54v
MS-ADD-03479-000-00117,55r
MS-ADD-03479-000-00118,55v
MS-ADD-03479-000-00119,56r
MS-ADD-03479-000-00120,56v
MS-ADD-03479-000-00121,57r
MS-ADD-03479-000-00122,57v
MS-ADD-03479-000-00123,58r
MS-ADD-03479-000-00124,58v
MS-ADD-03479-000-00125,59r
MS-ADD-03479-000-00126,59v
MS-ADD-03479-000-00127,60r
MS-ADD-03479-000-00128,60v
MS-ADD-03479-000-00129,61r
MS-ADD-03479-000-00130,61v
MS-ADD-03479-000-00131,62r
MS-ADD-03479-000-00132,62v
MS-ADD-03479-000-00133,63r
MS-ADD-03479-000-00134,63v
MS-ADD-03479-000-00135,64r
MS-ADD-03479-000-00136,64v
MS-ADD-03479-000-00137,65r
MS-ADD-03479-000-00138,65v
MS-ADD-03479-000-00139,66r
MS-ADD-03479-000-00140,66v
MS-ADD-03479-000-00141,67r
MS-ADD-03479-000-00142,67v
MS-ADD-03479-000-00143,68r
MS-ADD-03479-000-00144,68v
MS-ADD-03479-000-00145,69r
MS-ADD-03479-000-00146,69v
MS-ADD-03479-000-00147,70r
MS-ADD-03479-000-00148,70v
MS-ADD-03479-000-00149,71r
MS-ADD-03479-000-00150,71v
MS-ADD-03479-000-00151,72r
MS-ADD-03479-000-00152,72v
MS-ADD-03479-000-00153,73r
MS-ADD-03479-000-00154,73v
MS-ADD-03479-000-00155,74r
MS-ADD-03479-000-00156,74v
MS-ADD-03479-000-00157,75r
MS-ADD-03479-000-00158,75v
MS-ADD-03479-000-00159,76r
MS-ADD-03479-000-00160,76v
MS-ADD-03479-000-00161,77r
MS-ADD-03479-000-00162,77v
MS-ADD-03479-000-00163,78r
MS-ADD-03479-000-00164,78v
MS-ADD-03479-000-00165,79r
MS-ADD-03479-000-00166,79v
MS-ADD-03479-000-00167,80r
MS-ADD-03479-000-00168,80v
MS-ADD-03479-000-00169,81r
MS-ADD-03479-000-00170,81v
MS-ADD-03479-000-00171,82r
MS-ADD-03479-000-00172,82v
MS-ADD-03479-000-00173,83r
MS-ADD-03479-000-00174,83v
MS-ADD-03479-000-00175,84r
MS-ADD-03479-000-00176,84v
MS-ADD-03479-000-00177,85r
MS-ADD-03479-000-00178,85v
MS-ADD-03479-000-00179,86r
MS-ADD-03479-000-00180,86v
MS-ADD-03479-000-00181,87r
MS-ADD-03479-000-00182,87v
MS-ADD-03479-000-00183,88r
MS-ADD-03479-000-00184,88v
MS-ADD-03479-000-00185,89r
MS-ADD-03479-000-00186,89v
MS-ADD-03479-000-00187,90r
MS-ADD-03479-000-00188,90v
MS-ADD-03479-000-00189,91r
MS-ADD-03479-000-00190,91v
MS-ADD-03479-000-00191,92r
MS-ADD-03479-000-00192,92v
MS-ADD-03479-000-00193,93r
MS-ADD-03479-000-00194,93v
MS-ADD-03479-000-00195,94r
MS-ADD-03479-000-00196,94v
MS-ADD-03479-000-00197,95r
MS-ADD-03479-000-00198,95v
MS-ADD-03479-000-00199,96r
MS-ADD-03479-000-00200,96v
MS-ADD-03479-000-00201,97r
MS-ADD-03479-000-00202,97v
MS-ADD-03479-000-00203,98r
MS-ADD-03479-000-00204,98v
MS-ADD-03479-000-00205,99r
MS-ADD-03479-000-00206,99v
MS-ADD-03479-000-00207,100r
MS-ADD-03479-000-00208,100v
MS-ADD-03479-000-00209,101r
MS-ADD-03479-000-00210,101v
MS-ADD-03479-000-00211,102r
MS-ADD-03479-000-00212,102v
MS-ADD-03479-000-00213,103r
MS-ADD-03479-000-00214,103v
MS-ADD-03479-000-00215,104r
MS-ADD-03479-000-00216,104v
MS-ADD-03479-000-00217,105r
MS-ADD-03479-000-00218,105v
MS-ADD-03479-000-00219,106r
MS-ADD-03479-000-00220,106v
MS-ADD-03479-000-00221,107r
MS-ADD-03479-000-00222,107v
MS-ADD-03479-000-00223,108r
MS-ADD-03479-000-00224,108v
MS-ADD-03479-000-00225,109r
MS-ADD-03479-000-00226,109v
MS-ADD-03479-000-00227,110r
MS-ADD-03479-000-00228,110v
MS-ADD-03479-000-00229,111r
MS-ADD-03479-000-00230,111v
MS-ADD-03479-000-00231,112r
MS-ADD-03479-000-00232,112v
MS-ADD-03479-000-00233,113r
MS-ADD-03479-000-00234,113v
MS-ADD-03479-000-00235,114r
MS-ADD-03479-000-00236,114v
MS-ADD-03479-000-00237,115r
MS-ADD-03479-000-00238,115v
MS-ADD-03479-000-00239,116r
MS-ADD-03479-000-00240,116v
MS-ADD-03479-000-00241,117r
MS-ADD-03479-000-00242,117v
MS-ADD-03479-000-00243,118r
MS-ADD-03479-000-00244,118v
MS-ADD-03479-000-00245,119r
MS-ADD-03479-000-00246,119v
MS-ADD-03479-000-00247,120r
MS-ADD-03479-000-00248,120v
MS-ADD-03479-000-00249,121r
MS-ADD-03479-000-00250,121v
MS-ADD-03479-000-00251,122r
MS-ADD-03479-000-00252,122v
MS-ADD-03479-000-00253,123r
MS-ADD-03479-000-00254,123v
MS-ADD-03479-000-00255,124r
MS-ADD-03479-000-00256,124v
MS-ADD-03479-000-00257,125r
MS-ADD-03479-000-00258,125v
MS-ADD-03479-000-00259,126r
MS-ADD-03479-000-00260,126v
MS-ADD-03479-000-00261,127r
MS-ADD-03479-000-00262,127v
MS-ADD-03479-000-00263,128r
MS-ADD-03479-000-00264,128v
MS-ADD-03479-000-00265,129r
MS-ADD-03479-000-00266,129v
MS-ADD-03479-000-00267,130r
MS-ADD-03479-000-00268,130v
MS-ADD-03479-000-00269,131r
MS-ADD-03479-000-00270,131v
MS-ADD-03479-000-00271,132r
MS-ADD-03479-000-00272,132v
MS-ADD-03479-000-00273,133r
MS-ADD-03479-000-00274,133v
MS-ADD-03479-000-00275,134r
MS-ADD-03479-000-00276,134v
MS-ADD-03479-000-00277,135r
MS-ADD-03479-000-00278,135v
MS-ADD-03479-000-00279,136r
MS-ADD-03479-000-00280,136v
MS-ADD-03479-000-00281,137r
MS-ADD-03479-000-00282,137v
MS-ADD-03479-000-00283,138r
MS-ADD-03479-000-00284,138v
MS-ADD-03479-000-00285,139r
MS-ADD-03479-000-00286,139v
MS-ADD-03479-000-00287,140r
MS-ADD-03479-000-00288,140v
MS-ADD-03479-000-00289,141r
MS-ADD-03479-000-00290,141v
MS-ADD-03479-000-00291,142r
MS-ADD-03479-000-00292,142v
MS-ADD-03479-000-00293,143r
MS-ADD-03479-000-00294,143v
MS-ADD-03479-000-00295,144r
MS-ADD-03479-000-00296,144v
MS-ADD-03479-000-00297,145r
MS-ADD-03479-000-00298,145v
MS-ADD-03479-000-00299,146r
MS-ADD-03479-000-00300,146v
MS-ADD-03479-000-00301,147r
MS-ADD-03479-000-00302,147v
MS-ADD-03479-000-00303,148r
MS-ADD-03479-000-00304,148v
MS-ADD-03479-000-00305,149r
MS-ADD-03479-000-00306,149v
MS-ADD-03479-000-00307,150r
MS-ADD-03479-000-00308,150v
MS-ADD-03479-000-00309,151r
MS-ADD-03479-000-00310,151v
MS-ADD-03479-000-00311,152r
MS-ADD-03479-000-00312,152v
MS-ADD-03479-000-00313,153r
MS-ADD-03479-000-00314,153v
MS-ADD-03479-000-00315,154r
MS-ADD-03479-000-00316,154v
MS-ADD-03479-000-00317,155r
MS-ADD-03479-000-00318,155v
MS-ADD-03479-000-00319,156r
MS-ADD-03479-000-00320,156v
MS-ADD-03479-000-00321,157r
MS-ADD-03479-000-00322,157v
MS-ADD-03479-000-00323,158r
MS-ADD-03479-000-00324,158v
MS-ADD-03479-000-00325,159r
MS-ADD-03479-000-00326,159v
MS-ADD-03479-000-00327,160r
MS-ADD-03479-000-00328,160v
MS-ADD-03479-000-00329,161r
MS-ADD-03479-000-00330,161v
MS-ADD-03479-000-00331,162r
MS-ADD-03479-000-00332,162v
MS-ADD-03479-000-00333,163r
MS-ADD-03479-000-00334,163v
MS-ADD-03479-000-00335,164r
MS-ADD-03479-000-00336,164v
MS-ADD-03479-000-00337,165r
MS-ADD-03479-000-00338,165v
MS-ADD-03479-000-00339,166r
MS-ADD-03479-000-00340,166v
MS-ADD-03479-000-00341,167r
MS-ADD-03479-000-00342,167v
MS-ADD-03479-000-00343,168r
MS-ADD-03479-000-00344,168v
MS-ADD-03479-000-00345,169r
MS-ADD-03479-000-00346,169v
MS-ADD-03479-000-00347,170r
MS-ADD-03479-000-00348,170v
MS-ADD-03479-000-00349,171r
MS-ADD-03479-000-00350,171v
MS-ADD-03479-000-00351,172r
MS-ADD-03479-000-00352,172v
MS-ADD-03479-000-00353,173r
MS-ADD-03479-000-00354,173v
MS-ADD-03479-000-00355,174r
MS-ADD-03479-000-00356,174v
MS-ADD-03479-000-00357,175r
MS-ADD-03479-000-00358,175v
MS-ADD-03479-000-00359,176r
MS-ADD-03479-000-00360,176v
MS-ADD-03479-000-00361,177r
MS-ADD-03479-000-00362,177v
MS-ADD-03479-000-00363,178r
MS-ADD-03479-000-00364,178v
MS-ADD-03479-000-00365,179r
MS-ADD-03479-000-00366,179v
MS-ADD-03479-000-00367,180r
MS-ADD-03479-000-00368,180v
MS-ADD-03479-000-00369,181r
MS-ADD-03479-000-00370,181v
MS-ADD-03479-000-00371,182r
MS-ADD-03479-000-00372,182v
MS-ADD-03479-000-00373,183r
MS-ADD-03479-000-00374,183v
MS-ADD-03479-000-00375,184r
MS-ADD-03479-000-00376,184v
MS-ADD-03479-000-00377,185r
MS-ADD-03479-000-00378,185v
MS-ADD-03479-000-00379,186r
MS-ADD-03479-000-00380,186v
MS-ADD-03479-000-00381,187r
MS-ADD-03479-000-00382,187v
MS-ADD-03479-000-00383,188r
MS-ADD-03479-000-00384,188v
MS-ADD-03479-000-00385,189r
MS-ADD-03479-000-00386,189v
MS-ADD-03479-000-00387,192r
MS-ADD-03479-000-00388,192v
MS-ADD-03479-000-00389,193r
MS-ADD-03479-000-00390,193v
MS-ADD-03479-000-00391,194r
MS-ADD-03479-000-00392,194v
MS-ADD-03479-000-00393,195r
MS-ADD-03479-000-00394,195v
MS-ADD-03479-000-00395,196r
MS-ADD-03479-000-00396,196v
MS-ADD-03479-000-00397,197r
MS-ADD-03479-000-00398,197v
MS-ADD-03479-000-00399,198r
MS-ADD-03479-000-00400,198v
MS-ADD-03479-000-00401,199r
MS-ADD-03479-000-00402,199v
MS-ADD-03479-000-00403,200r
MS-ADD-03479-000-00404,200v
MS-ADD-03479-000-00405,201r
MS-ADD-03479-000-00406,201v
MS-ADD-03479-000-00407,202r
MS-ADD-03479-000-00408,202v
MS-ADD-03479-000-00409,203r
MS-ADD-03479-000-00410,203v
MS-ADD-03479-000-00411,204r
MS-ADD-03479-000-00412,204v
MS-ADD-03479-000-00413,205r
MS-ADD-03479-000-00414,205v
MS-ADD-03479-000-00415,206r
MS-ADD-03479-000-00416,206v
MS-ADD-03479-000-00417,207r
MS-ADD-03479-000-00418,207v
MS-ADD-03479-000-00419,208r
MS-ADD-03479-000-00420,208v
MS-ADD-03479-000-00421,213r
MS-ADD-03479-000-00422,213v
MS-ADD-03479-000-00423,214r
MS-ADD-03479-000-00424,214v
MS-ADD-03479-000-00425,[d] recto
MS-ADD-03479-000-00426,[d] verso
MS-ADD-03479-000-00427,[e] recto
MS-ADD-03479-000-00428,[e] verso
MS-ADD-03479-000-00429,"rear cover, inner"
MS-ADD-03479-000-00430,"rear cover, outer"
